[
    {
        "word": "estranghero",
        "english": "stranger",
        "phonetic": "es-trang-HE-ro",
        "partOfSpeech": "pangngalan",
        "definition": "Isang tao na hindi kilala o hindi pamilyar.",
        "example": "Huwag kang basta magtitiwala sa isang estranghero na hindi mo kilala."
    },
    {
        "word": "tahanan",
        "english": "home",
        "phonetic": "ta-ha-nan",
        "partOfSpeech": "pangngalan",
        "definition": "Isang lugar kung saan naninirahan ang isang pamilya o isang tao.",
        "example": "Ang tahanan ay isang lugar kung saan nararamdaman natin ang pagmamahal at seguridad ng ating pamilya."
    },
    {
        "word": "haka-haka",
        "english": "speculation",
        "phonetic": "ha-ka-ha-ka",
        "partOfSpeech": "pangngalan",
        "definition": "Isang opinyon o paniniwala na walang matibay na batayan.",
        "example": "Maraming haka-haka ang lumaganap tungkol sa tunay na dahilan ng kanyang pagkawala."
    },
    {
        "word": "tarangkahan",
        "english": "gate",
        "phonetic": "ta-rang-ka-han",
        "partOfSpeech": "pangngalan",
        "definition": "Isang estrukturang nagsisilbing pasukan o labasan ng isang bakuran, bahay, o gusali, karaniwang gawa sa kahoy, bakal, o iba pang matibay na materyal.",
        "example": "Isinara ni Lola ang tarangkahan bago siya pumasok sa loob ng bahay."
    },
    {
        "word": "bighani",
        "english": "enchantment",
        "phonetic": "big-ha-ni",
        "partOfSpeech": "pangngalan",
        "definition": "Isang katangian o bagay na nagdudulot ng matinding atraksyon o pagkahumaling.",
        "example": "Ang kanyang bighani ay nagbigay ng inspirasyon sa lahat ng nakakita sa kanya."
    },
    {
        "word": "alimuom",
        "english": "petrichor",
        "phonetic": "ali-mu-om",
        "partOfSpeech": "pangngalan",
        "definition": "Ang amoy na nagmula sa lupa pagkatapos ng ulan.",
        "example": "Matapos ang mahabang tag-init, ang alimuom ng lupa ay nagbigay ng pag-asa na darating na ang tag-ulan."
    },
    {
        "word": "silakbo",
        "english": "outburst",
        "phonetic": "si-lak-bo",
        "partOfSpeech": "pangngalan",
        "definition": "Isang biglaang pag-akyat o pagsabog ng damdamin.",
        "example": "Ang silakbo ng kanyang galit ay nagdulot ng tensyon sa kanilang pag-uusap."
    },
    {
        "word": "karimlan",
        "english": "darkness",
        "phonetic": "ka-rim-lan",
        "partOfSpeech": "pangngalan",
        "definition": "Pagiging madilim o kawalan ng liwanag.",
        "example": "Ang karimlan ng gabi ay nagbigay ng takot sa mga bata habang sila ay naglalakad pauwi."
    },
    {
        "word": "tadhana",
        "english": "destiny",
        "phonetic": "tad-ha-na",
        "partOfSpeech": "pangngalan",
        "definition": "Isang konsepto na tumutukoy sa mga pangyayari o kaganapan na tila itinakda o nakatakdang mangyari sa buhay ng isang tao.",
        "example": "Naniniwala siya na ang kanilang pagkikita ay bahagi ng kanilang tadhana."
    },
    {
        "word": "salubsob",
        "english": "splinter",
        "phonetic": "sa-lub-sob",
        "partOfSpeech": "pangngalan",
        "definition": "Isang biglaang pagtalon o pagbagsak, karaniwang tumutukoy sa isang aksyon ng paglusong o pagdive sa tubig o sa isang mas mababang lugar.",
        "example": "Ang bata ay na salubsob sa tubig habang naglalaro sa tabi ng ilog."
    },
    {
        "word": "masaya",
        "english": "happy",
        "phonetic": "ma-sa-ya",
        "partOfSpeech": "pang-uri",
        "definition": "Isang estado ng damdamin na naglalarawan ng kasiyahan, kaligayahan, o kasayahan.",
        "example": "Ang mga bata ay masaya habang naglalaro sa parke."
    },
    {
        "word": "gutom",
        "english": "hunger",
        "phonetic": "gu-tom",
        "partOfSpeech": "pangngalan",
        "definition": "Isang pakiramdam ng kakulangan sa ginhawa o panghihina na dulot ng kakulangan ng pagkain.",
        "example": "Sa kabila ng kanyang gutom, pinili niyang maghintay para sa kanyang mga kaibigan bago kumain."
    },
    {
        "word": "mayaman",
        "english": "rich",
        "phonetic": "ma-ya-man",
        "partOfSpeech": "pang-uri",
        "definition": "Pagkakaroon ng maraming yaman, pera, o ari-arian.",
        "example": "Ang kanilang pamilya ay mayaman at may maraming negosyo sa lungsod."
    },
    {
        "word": "huwad",
        "english": "false/fake",
        "phonetic": "hu-wad",
        "partOfSpeech": "pang-uri",
        "definition": "Tumutukoy sa isang bagay na hindi tunay o orihinal.",
        "example": "Ang mga huwad na dokumento ay maaaring magdulot ng seryosong problema sa batas."
    },
    {
        "word": "matarik",
        "english": "steep",
        "phonetic": "ma-ta-rik",
        "partOfSpeech": "pang-uri",
        "definition": "Tumutukoy sa isang bagay na may matinding anggulo o pagkakababa, karaniwang ginagamit upang ilarawan ang mga bundok, dalisdis, o mga daan na may matarik na pag-akyat o pagbaba.",
        "example": "Ang daan patungo sa tuktok ng bundok ay napaka-matarik at mahirap akyatin."
    },
    {
        "word": "marahuyo",
        "english": "to enchant or to captivate",
        "phonetic": "ma-ra-hu-yo",
        "partOfSpeech": "verb",
        "definition": "Ang pagkakaroon ng malalim na pagkagusto o pagkahumaling sa isang tao, bagay, o karanasan.",
        "example": "Ang kanyang boses ay talagang marahuyo, kaya't lahat ng nakikinig ay naakit."
    },
    {
        "word": "hilaga",
        "english": "north",
        "phonetic": "hi-la-ga",
        "partOfSpeech": "pangngalan",
        "definition": "Ang direksyon patungo sa bahagi ng daigdig sa itaas ng ekwador.",
        "example": "Sa hilaga ng bayan, makikita mo ang magandang tanawin ng bundok."
    },
    {
        "word": "lunas",
        "english": "remedy",
        "phonetic": "lu-nas",
        "partOfSpeech": "pangngalan",
        "definition": "Isang bagay o paraan na ginagamit upang gamutin ang sakit o problema.",
        "example": "Ang mga halamang gamot ay madalas na ginagamit bilang lunas sa mga karaniwang sakit."
    },
    {
        "word": "kita",
        "english": "income or earnings",
        "phonetic": "ki-ta",
        "partOfSpeech": "pangngalan",
        "definition": "Ang perang natatanggap mula sa trabaho, negosyo, o anumang pinagkukunan ng kita.",
        "example": "Ang kita mula sa kanyang maliit na negosyo ay sapat upang suportahan ang kanyang pamilya."
    },
    {
        "word": "tubig",
        "english": "water",
        "phonetic": "tu-big",
        "partOfSpeech": "pangngalan",
        "definition": "Isang walang kulay, walang amoy, at walang lasa na likido na mahalaga para sa buhay.",
        "example": "Mahalaga ang tubig sa ating kalusugan, kaya't dapat tayong uminom ng sapat na dami araw-araw."
    },
    {
        "word": "ulo",
        "english": "head",
        "phonetic": "u-lo",
        "partOfSpeech": "pangngalan",
        "definition": "Ang itaas na bahagi ng katawan ng tao o hayop.",
        "example": "Masakit ang ulo ko dahil sa sobrang pag-iisip."
    },
    {
        "word": "mesa",
        "english": "table",
        "phonetic": "me-sa",
        "partOfSpeech": "pangngalan",
        "definition": "Kasangkapang may patag na ibabaw na ginagamit sa pagkain, pag-aaral, o trabaho.",
        "example": "Nilinis ko ang mesa bago kumain."
    },
    {
        "word": "upuan",
        "english": "chair",
        "phonetic": "u-pu-an",
        "partOfSpeech": "pangngalan",
        "definition": "Bagay na ginagamit upang upuan.",
        "example": "Nasira ang upuan dahil sa bigat ng gamit."
    },
    {
        "word": "bintana",
        "english": "window",
        "phonetic": "bin-ta-na",
        "partOfSpeech": "pangngalan",
        "definition": "Butas sa dingding na may salamin o kahoy na maaaring buksan upang pumasok ang hangin at liwanag.",
        "example": "Binuksan ko ang bintana upang pumasok ang sariwang hangin."
    },
    {
        "word": "ilaw",
        "english": "light",
        "phonetic": "i-law",
        "partOfSpeech": "pangngalan",
        "definition": "Bagay na nagbibigay liwanag sa isang lugar.",
        "example": "Namatay ang ilaw dahil sa malakas na ulan."
    },
    {
        "word": "mayumi",
        "english": "modest / gentle",
        "phonetic": "ma-yu-mi",
        "partOfSpeech": "pang-uri",
        "definition": "Tumutukoy sa isang tao na mahinhin, magalang, at may malumanay na kilos.",
        "example": "Ang kanyang mayumi at magalang na ugali ay hinahangaan ng marami."
    },
    {
        "word": "masagana",
        "english": "prosperous",
        "phonetic": "ma-sa-ga-na",
        "partOfSpeech": "pang-uri",
        "definition": "Tumutukoy sa kasaganaan o kayamanang sagana sa dami o kalidad.",
        "example": "Masagana ang ani ng palay ngayong taon dahil sa maayos na panahon."
    },
    {
        "word": "plato",
        "english": "plate",
        "phonetic": "pla-to",
        "partOfSpeech": "pangngalan",
        "definition": "Lalagyan ng pagkain na karaniwang gawa sa porselana o plastik.",
        "example": "Hugasan mo ang plato pagkatapos kumain."
    },
    {
        "word": "kutsara",
        "english": "spoon",
        "phonetic": "kut-sa-ra",
        "partOfSpeech": "pangngalan",
        "definition": "Kagamitang ginagamit sa pagkain ng sabaw o kanin.",
        "example": "Gumamit ka ng kutsara kapag kumakain ng sopas."
    },
    {
        "word": "tinidor",
        "english": "fork",
        "phonetic": "ti-ni-dor",
        "partOfSpeech": "pangngalan",
        "definition": "Kagamitang may matutulis na ngipin na ginagamit sa pagkain.",
        "example": "Kumuha ka ng tinidor para sa spaghetti."
    },
    {
        "word": "kutsilyo",
        "english": "knife",
        "phonetic": "kut-sil-yo",
        "partOfSpeech": "pangngalan",
        "definition": "Matulis at matalim na gamit na ginagamit sa pagputol ng pagkain.",
        "example": "Gumamit ng kutsilyo upang hiwain ang karne."
    },
    {
        "word": "sila",
        "english": "they",
        "phonetic": "si-la",
        "partOfSpeech": "panghalip",
        "definition": "Tumutukoy sa isang grupo ng tao o bagay.",
        "example": "Sila ang dahilan sa naganap na pangyayari."
    },
    {
        "word": "sino",
        "english": "who",
        "phonetic": "si-no",
        "partOfSpeech": "panghalip",
        "definition": "Salitang tanong kung saan hinahanap ang isang tao o bagay.",
        "example": "Sino ang sasama sa paparating na pista?"
    },
    {
        "word": "alin",
        "english": "which",
        "phonetic": "a-lin",
        "partOfSpeech": "panghalip",
        "definition": "Salitang tanong kung saan may pagpipilian.",
        "example": "Alin sa dalawang damit ang mas maganda?"
    },
    {
        "word": "kanina",
        "english": "earlier",
        "phonetic": "ka-ni-na",
        "partOfSpeech": "pang-abay",
        "definition": "Kilos o gawi na hindi pa katagalan ang pangyayari.",
        "example": "Kanina ay pumasok ako sa paaralan."
    },
    {
        "word": "kanino",
        "english": "whom",
        "phonetic": "ka-ni-no",
        "partOfSpeech": "panghalip",
        "definition": "Salitang tanong kung saan hinahanap ang may-ari.",
        "example": "Kanino ang naiwang tubigan sa parke?"
    },
    {
        "word": "paano",
        "english": "how",
        "phonetic": "pa-a-no",
        "partOfSpeech": "pang-abay",
        "definition": "Salitang tanong kung saan hinahanap ang sanhi sa likod ng pangyayari.",
        "example": "Paano mo naiwala ang iyong pitaka?"
    },
    {
        "word": "kailan",
        "english": "when",
        "phonetic": "kay-lan",
        "partOfSpeech": "pang-abay",
        "definition": "Salitang tanong kung saan inaasam ang petsa at lugar ng pangyayari.",
        "example": "Kailan gaganapin ang iyong kaarawan?"
    },
    {
        "word": "bakit",
        "english": "why",
        "phonetic": "ba-kit",
        "partOfSpeech": "pang-abay",
        "definition": "Ang salitang nagtatanong kung ano ang dahilan sa likod ng pangyayari.",
        "example": "Bakit hindi mo sinagutan ang maikling pagsusulit?"
    },
    {
        "word": "ano",
        "english": "what",
        "phonetic": "a-no",
        "partOfSpeech": "panghalip",
        "definition": "Salitang tanong kung saan humahanap ng sagot sa pangyayari.",
        "example": "Ano ang dahilan kung bakit ikaw ay liban?"
    },
    {
        "word": "kami",
        "english": "we",
        "phonetic": "ka-mi",
        "partOfSpeech": "panghalip",
        "definition": "Tumutukoy sa tao o bagay na kasama nito.",
        "example": "Kami ay namasyal sa Luneta."
    },
    {
        "word": "bahaghari",
        "english": "rainbow",
        "phonetic": "ba-hag-ha-ri",
        "partOfSpeech": "pangngalan",
        "definition": "Phenomenon ng hugis-arkong nakabadhâ sa langit na may sari-saring kulay na likha ng pagtama ng síkat ng araw sa hamog.",
        "example": "Nasilayan ko ang makulay na bahaghari sa likod ng aming bahay."
    },
    {
        "word": "harana",
        "english": "serenade",
        "phonetic": "ha-ra-na",
        "partOfSpeech": "pangngalan",
        "definition": "Pagtapat ng binatang nais manligaw sa tahanan ng dalaga at pagpaparinig ng mga awit at tugtugin sa mga oras na tahimik na ang gabi.",
        "example": "Niligawan ang aming kapitbahay sa pamamagitan ng harana."
    },
    {
        "word": "telepono",
        "english": "cellphone",
        "phonetic": "te-le-po-no",
        "partOfSpeech": "pangngalan",
        "definition": "Aparatong ginagamit upang makausap ang isang taong nasa ibang lugar na may katulad na aparato sa pamamagitan ng mga signal at kawad.",
        "example": "Tumawag ako sa probinsya gamit ang aking telepono."
    },
    {
        "word": "gitara",
        "english": "guitar",
        "phonetic": "gi-ta-ra",
        "partOfSpeech": "pangngalan",
        "definition": "Instrumentong may anim na kuwerdas na kinakalabit upang tumunog.",
        "example": "Masayang nag-aawitan ang mga kabataan kasabay ng gitara."
    },
    {
        "word": "relo",
        "english": "watch",
        "phonetic": "re-lo",
        "partOfSpeech": "pangngalan",
        "definition": "Orasang isinusuot sa pulso.",
        "example": "Anong oras na sa iyong relo?"
    },
    {
        "word": "pananaliksik",
        "english": "research",
        "phonetic": "pa-na-na-lik-sik",
        "partOfSpeech": "pangngalan",
        "definition": "Matiyaga, maingat, at maayos na paghahanap upang matuklasan ang katotohanan.",
        "example": "Ano ang kinalabasan ng iyong pananaliksik?"
    },
    {
        "word": "pangalan",
        "english": "name",
        "phonetic": "pa-nga-lan",
        "partOfSpeech": "pangngalan",
        "definition": "Salita o mga salitang ginagamit upang tukuyin ang anuman.",
        "example": "Ano ang iyong pangalan?"
    },
    {
        "word": "ikaw",
        "english": "you",
        "phonetic": "i-kaw",
        "partOfSpeech": "panghalip",
        "definition": "Taong kinakausap; ikalawang panauhan sa isahang anyo.",
        "example": "Ikaw ay isang mabuting tao."
    },
    {
        "word": "ako",
        "english": "I",
        "phonetic": "a-ko",
        "partOfSpeech": "panghalip",
        "definition": "Panghalip panao na isahan, nasa unang panauhan at kaukulang palagyo; karaniwang kumakatawan sa taong nagsasalita.",
        "example": "Ako ay nakatira sa Marikina City."
    },
    {
        "word": "eroplano",
        "english": "airplane",
        "phonetic": "e-ro-pla-no",
        "partOfSpeech": "pangngalan",
        "definition": "Sasakyang panghimpapawid na may pakpak na hindi gumagalaw at may makina.",
        "example": "Ang aking pamilya ay sumakay sa eroplano."
    },
    {
        "word": "kaibigan",
        "english": "bestfriend",
        "phonetic": "ka-i-bi-gan",
        "partOfSpeech": "pangngalan",
        "definition": "Taong katapatang-loob, kasundo sa ugali, pinagmamalasakitan at pinagkakatiwalaan.",
        "example": "Ikaw ay tinuturing kong kaibigan."
    },
    {
        "word": "pamilya",
        "english": "family",
        "phonetic": "pa-mil-ya",
        "partOfSpeech": "pangngalan",
        "definition": "Pinakamaliit na sangay ng lipunan na binubuo ng mga magulang at mga anak.",
        "example": "Masaya ang pasko kung buo ang pamilya."
    },
    {
        "word": "kasintahan",
        "english": "girlfriend/boyfriend",
        "phonetic": "ka-sin-ta-han",
        "partOfSpeech": "pangngalan",
        "definition": "Taong pinag-aalayan ng pag-ibig na mayroon ding ganoong katulad na pagtingin.",
        "example": "Habang buhay kong mamahalin ang aking kasintahan."
    },
    {
        "word": "mga",
        "english": "those",
        "phonetic": "ma-nga",
        "partOfSpeech": "pantukoy",
        "definition": "Katagang iniuuna sa isang pangngalan upang maging pang maramihan.",
        "example": "Ang mga ibon ay malayang lumilipad."
    },
    {
        "word": "ang",
        "english": "the",
        "phonetic": "ang",
        "partOfSpeech": "pantukoy",
        "definition": "Salita na karaniwang nagtatakda sa simuno o pangngalan na pinaka apektado ng pandiwa sa isang parirala.",
        "example": "Ang iyong damdamin ay siyang nakakaapekto sa iyong kilos."
    },
    {
        "word": "at",
        "english": "and",
        "phonetic": "at",
        "partOfSpeech": "pangatnig",
        "definition": "Katagang ginagamit sa pag-uugnay ng dalawa o higit pang salita.",
        "example": "Ang gulay at prutas ay masustansya."
    },
    {
        "word": "una",
        "english": "first",
        "phonetic": "u-na",
        "partOfSpeech": "pang-uri",
        "definition": "Umiiral o nasa posisyon na bago ang lahat ng iba pa, pisikal man o sa panahon.",
        "example": "Una ang kalusugan bago ang anuman."
    },
    {
        "word": "huli",
        "english": "last",
        "phonetic": "hu-li",
        "partOfSpeech": "pangngalan",
        "definition": "Kalagayan o lugar na nasa dulong bahagi.",
        "example": "Siya ay nasa huli ng pila."
    },
    {
        "word": "tula",
        "english": "poem",
        "phonetic": "tu-la",
        "partOfSpeech": "pangngalan",
        "definition": "Akdang karaniwang may salita na tugmaan na pinili upang maipahayag ang damdamin.",
        "example": "Isang makabuluhang tula ang ginawa ni Pedro."
    },
    {
        "word": "ulan",
        "english": "rain",
        "phonetic": "u-lan",
        "partOfSpeech": "pangngalan",
        "definition": "Mga patak ng tubig na namuo mula sa atmospera na bumubuhos sa lupa.",
        "example": "Bumuhos ang ulan kahapon."
    },
    {
        "word": "baso",
        "english": "glass",
        "phonetic": "ba-so",
        "partOfSpeech": "pangngalan",
        "definition": "Materyal na sadyang inayos upang isuot sa katawan ng tao bilang pantakip.",
        "example": "Saan mo nabili ang maganda mong damit?"
    },
    {
        "word": "kumot",
        "english": "blanket",
        "phonetic": "ku-mot",
        "partOfSpeech": "pangngalan",
        "definition": "Telang malapad na karaniwang ipinambabalot sa katawan kung matutulog sa higaan upang hindi ginawin.",
        "example": "Nabalot sa kumot si Pedro dahil sa lamig."
    },
    {
        "word": "unan",
        "english": "pillow",
        "phonetic": "u-nan",
        "partOfSpeech": "pangngalan",
        "definition": "Malambot na bagay na pinagsasandalan ng ulo kung humihiga.",
        "example": "Sobrang lambot ng unan sa bahay."
    },
    {
        "word": "damit",
        "english": "clothes",
        "phonetic": "da-mit",
        "partOfSpeech": "pangngalan",
        "definition": "Materyal na sadyang inayos upang isuot sa katawan ng tao bilang pantakip.",
        "example": "Saan mo nabili ang maganda mong damit?"
    },
    {
        "word": "orasan",
        "english": "clock",
        "phonetic": "o-ra-san",
        "partOfSpeech": "pangngalan",
        "definition": "Anumang aparato na nagsasaad ng oras.",
        "example": "Tignan mo ang oras sa orasan."
    },
    {
        "word": "umaga",
        "english": "morning",
        "phonetic": "u-ma-ga",
        "partOfSpeech": "pangngalan",
        "definition": "Maagang bahagi ng isang araw na sumasaklaw sa oras ng hatinggabi hanggang tanghali.",
        "example": "Tayo ay may klase bukas ng umaga."
    },
    {
        "word": "gabi",
        "english": "night",
        "phonetic": "ga-bi",
        "partOfSpeech": "pangngalan",
        "definition": "Bahagi ng magdamag buhat sa paglubog ng araw hanggang bago sumapit ang hatinggabi.",
        "example": "Mamayang gabi gaganapin ang pagdiriwang."
    },
    {
        "word": "salamat",
        "english": "thank you",
        "phonetic": "sa-la-mat",
        "partOfSpeech": "pangngalan",
        "definition": "Katagang karaniwang sinasabi ng isang nagpapahayag ng pagpapahalaga o ibig kumilala sa kabutihang ginawa ng kapuwa.",
        "example": "Salamat sa regalong iyong ibinigay."
    },
    {
        "word": "salamin",
        "english": "mirror",
        "phonetic": "sa-la-min",
        "partOfSpeech": "pangngalan",
        "definition": "Anumang materyal na yari sa kristal na makinis at natatagusan ng paningin.",
        "example": "Nakita ko sa salamin ang aking ilong."
    },
    {
        "word": "saan",
        "english": "where",
        "phonetic": "sa-an",
        "partOfSpeech": "pang-abay na pananong",
        "definition": "Ginagamit sa pagtatanong tungkol sa lokasyon o lugar ng isang tao, bagay, o pangyayari.",
        "example": "Saan ka pupunta?"
    },
    {
        "word": "dami",
        "english": "quantity",
        "phonetic": "da-mi",
        "partOfSpeech": "pangngalan",
        "definition": "Tumutukoy sa bilang o dami ng isang bagay.",
        "example": "Dami ng labahan ko pre."
    },
    {
        "word": "kulang",
        "english": "lacking",
        "phonetic": "ku-lang",
        "partOfSpeech": "pang-uri",
        "definition": "Hindi sapat o hindi kumpleto; may kakulangan.",
        "example": "Kulang ang asin sa ulam na ito."
    },
    {
        "word": "gaano",
        "english": "how much",
        "phonetic": "ga-a-no",
        "partOfSpeech": "pang-abay na pananong",
        "definition": "Ginagamit sa pagtatanong tungkol sa dami, laki, o lawak ng isang bagay o pangyayari.",
        "example": "Gaano kalayo ang bahay mo mula dito?"
    },
    {
        "word": "kasama",
        "english": "with",
        "phonetic": "ka-sa-ma",
        "partOfSpeech": "pangngalan",
        "definition": "Isang tao o bagay na kaakibat o kapiling sa isang gawain o sitwasyon.",
        "example": "Ang tunay na kaibigan, sa hirap at ginhawa ay kasama."
    },
    {
        "word": "marami",
        "english": "many",
        "phonetic": "ma-ra-mi",
        "partOfSpeech": "pang-uri",
        "definition": "Naglalarawan ng dami na higit sa isa; tumutukoy sa malaking bilang ng tao, bagay, o pangyayari.",
        "example": "Maraming salamat."
    },
    {
        "word": "hugis",
        "english": "shape",
        "phonetic": "hu-gis",
        "partOfSpeech": "pangngalan",
        "definition": "Ang panlabas na anyo o estruktura ng isang bagay; maaaring tumukoy sa tabas, porma, o silweta.",
        "example": "Ayon sa mga eksperto, hugis ng isang narangha ang daigdig."
    },
    {
        "word": "haba",
        "english": "length",
        "phonetic": "ha-ba",
        "partOfSpeech": "pangngalan",
        "definition": "Sukat ng distansya mula sa isang dulo hanggang sa kabila; maaaring tumukoy sa pisikal na sukat o sa tagal ng panahon.",
        "example": "Huwag mong subukan ang haba ng aking pasensya."
    },
    {
        "word": "noon",
        "english": "before",
        "phonetic": "nu-on",
        "partOfSpeech": "pang-abay",
        "definition": "Ginagamit upang tukuyin ang isang panahon sa nakaraan; nagsasaad ng oras o pagkakataon na lumipas na.",
        "example": "Noon, masaya tayong naglalaro sa ulan."
    },
    {
        "word": "daan",
        "english": "way",
        "phonetic": "da-an",
        "partOfSpeech": "pangngalan",
        "definition": "Isang pook na dinadaanan ng tao, hayop, o sasakyan patungo sa isang lugar; maaaring tumukoy sa kalsada, landas, o ruta.",
        "example": "Mag-ingat at maraming sasakyan sa daan."
    },
    {
        "word": "minsan",
        "english": "sometimes",
        "phonetic": "min-san",
        "partOfSpeech": "pang-abay",
        "definition": "Ginagamit upang ipahayag ang hindi palagiang paglitaw o pagganap ng isang kilos o pangyayari; nangangahulugang nagaganap sa ilang pagkakataon o paminsan-minsan.",
        "example": "Minsan, gusto kong maglakad sa tabing-dagat upang magmuni-muni."
    },
    {
        "word": "doon",
        "english": "there",
        "phonetic": "do-on",
        "partOfSpeech": "panghalip na pamatlig",
        "definition": "Ginagamit upang tukuyin ang isang lugar na malayo sa nagsasalita at sa kausap.",
        "example": "Pre, doon tayo sa tago magbenta."
    },
    {
        "word": "sana",
        "english": "I hope",
        "phonetic": "sa-na",
        "partOfSpeech": "pang-abay",
        "definition": "Ginagamit upang ipahayag ang pagnanais o pag-asa na mangyari ang isang bagay.",
        "example": "Sana sinabi mong ayaw mo nang pumunta."
    },
    {
        "word": "gusto",
        "english": "want",
        "phonetic": "gu-sto",
        "partOfSpeech": "pandiwa",
        "definition": "Nais o pagnanais na magkaroon, makuha, o gawin ang isang bagay.",
        "example": "Gusto mo bang bumili ng meryenda?"
    },
    {
        "word": "kapatid",
        "english": "sibling",
        "phonetic": "ka-pa-tid",
        "partOfSpeech": "pangngalan",
        "definition": "Isang tao na may parehong magulang o isa sa mga magulang; maaaring tumukoy sa kapatid na lalaki o babae.",
        "example": "Si James ang nag-iisa kong kapatid."
    },
    {
        "word": "kamag-anak",
        "english": "relative",
        "phonetic": "ka-mag-a-nak",
        "partOfSpeech": "pangngalan",
        "definition": "Isang tao na may kaugnayan sa iyo sa pamamagitan ng dugo o kasal; kabilang ang mga miyembro ng iyong pamilya tulad ng mga pinsan, tiyuhin, tiyahin, at iba pa.",
        "example": "Nagtangka akong makatakas sa makukulit kong kamag-anak."
    },
    {
        "word": "anak",
        "english": "child; son or daughter",
        "phonetic": "a-nak",
        "partOfSpeech": "pangngalan",
        "definition": "Isang tao na isinilang mula sa mga magulang; maaaring tumukoy sa anak na lalaki o babae.",
        "example": "Si James ang nag-iisa kong anak."
    },
    {
        "word": "ninong",
        "english": "godfather",
        "phonetic": "ni-nong",
        "partOfSpeech": "pangngalan",
        "definition": "Isang lalaking tumatayong tagapayo o pangalawang magulang sa isang bata sa pamamagitan ng sakramento ng binyag o kumpil; maaari ring maging tagasuporta sa kasal.",
        "example": "Si Ninong Juan ay laging nagbibigay ng magagandang payo sa akin."
    },
    {
        "word": "ninang",
        "english": "godmother",
        "phonetic": "ni-nang",
        "partOfSpeech": "pangngalan",
        "definition": "Isang babaeng tumatayong tagapayo o pangalawang magulang sa isang bata sa pamamagitan ng sakramento ng binyag o kumpil; maaari ring maging tagasuporta sa kasal.",
        "example": "Siya ang ninang ko."
    },
    {
        "word": "kahati",
        "english": "co-owner; partner",
        "phonetic": "ka-ha-ti",
        "partOfSpeech": "pangngalan",
        "definition": "Isang tao na may bahagi o kaparte sa isang bagay; maaaring tumukoy sa kasosyo o kaakibat sa pagmamay-ari o paggamit ng isang ari-arian o negosyo.",
        "example": "Siya ang aking kahati sa negosyo."
    },
    {
        "word": "damdamin",
        "english": "feelings",
        "phonetic": "dam-da-min",
        "partOfSpeech": "pangngalan",
        "definition": "Mga emosyon o pakiramdam na nararanasan ng isang tao; maaaring tumukoy sa iba't ibang uri ng emosyon tulad ng kaligayahan, kalungkutan, galit, at iba pa.",
        "example": "Huwag mong damdamin ang sinabi niya."
    },
    {
        "word": "wala",
        "english": "nothing",
        "phonetic": "wa-la",
        "partOfSpeech": "panghalip",
        "definition": "Ginagamit upang ipahayag ang kawalan o hindi pag-iral ng isang bagay; nangangahulugang wala, hindi naroroon, o hindi umiiral.",
        "example": "Wala akong pera ngayon."
    },
    {
        "word": "meron",
        "english": "there is; there are",
        "phonetic": "me-ron",
        "partOfSpeech": "panghalip",
        "definition": "Ginagamit upang ipahayag ang pag-iral o pagkakaroon ng isang bagay; katumbas ng 'mayroon' ngunit mas karaniwang ginagamit sa pang-araw-araw na usapan.",
        "example": "Meron ka bang payong?"
    },
    {
        "word": "masakit",
        "english": "painful",
        "phonetic": "ma-sa-kit",
        "partOfSpeech": "pang-uri",
        "definition": "Nagbibigay ng pakiramdam ng kirot o sakit; maaaring tumukoy sa pisikal na kirot o emosyonal na sakit.",
        "example": "Masakit ang ulo ko pero tinitiis ko lang."
    },
    {
        "word": "halo",
        "english": "mix",
        "phonetic": "ha-lo",
        "partOfSpeech": "pangngalan",
        "definition": "Pagsasama o paghahalo ng iba't ibang bagay upang maging isang kabuuan; maaaring tumukoy sa resulta ng prosesong ito o sa mismong proseso ng paghahalo.",
        "example": "Ang halo ng iba't ibang kulay ay nagresulta sa magandang pintura."
    },
    {
        "word": "damay",
        "english": "sympathize",
        "phonetic": "da-may",
        "partOfSpeech": "pandiwa",
        "definition": "Makisama sa hirap o pagdurusa ng iba; makiramay.",
        "example": "Lagi akong damay sa aking kaibigan tuwing siya ay may pinagdadaanan."
    },
    {
        "word": "maganda",
        "english": "beautiful",
        "phonetic": "ma-gan-da",
        "partOfSpeech": "pang-uri",
        "definition": "May kaaya-ayang anyo, hitsura, o katangian; nakalulugod sa paningin o pakiramdam.",
        "example": "Ang paglubog ng araw sa dalampasigan ay napaka-maganda."
    },
    {
        "word": "panget",
        "english": "ugly",
        "phonetic": "pa-nget",
        "partOfSpeech": "pang-uri",
        "definition": "Walang kaaya-ayang anyo, hitsura, o katangian; hindi kaaya-aya sa paningin o pakiramdam.",
        "example": "Para sa akin, walang taong panget dahil lahat ay may kanya-kanyang kagandahan."
    },
    {
        "word": "kaparehas",
        "english": "similar",
        "phonetic": "ka-pa-re-has",
        "partOfSpeech": "pang-uri",
        "definition": "May pagkakatulad o pagkakahawig sa isa pang bagay o tao.",
        "example": "Ang damit na suot mo ay kaparehas ng binili ko kahapon."
    },
    {
        "word": "dahil",
        "english": "because",
        "phonetic": "da-hil",
        "partOfSpeech": "pang-ugnay",
        "definition": "Ginagamit upang ipaliwanag ang dahilan o sanhi ng isang bagay.",
        "example": "Hindi ako nakapasok sa paaralan dahil umuulan ng malakas."
    },
    {
        "word": "barkada",
        "english": "group of friends / clique",
        "phonetic": "bar-ka-da",
        "partOfSpeech": "pangngalan",
        "definition": "Isang pangkat ng magkakaibigang madalas magkasama at may matibay na samahan.",
        "example": "Masaya akong kasama ang aking barkada tuwing Sabado ng gabi."
    },
    {
        "word": "kaibigan",
        "english": "friend",
        "phonetic": "ka-i-bi-gan",
        "partOfSpeech": "pangngalan",
        "definition": "Isang taong pinagkakatiwalaan at kasa-kasama sa iba't ibang karanasan sa buhay.",
        "example": "Si Ana ang aking matalik na kaibigan mula pagkabata."
    },
    {
        "word": "tamad",
        "english": "lazy",
        "phonetic": "ta-mad",
        "partOfSpeech": "pang-uri",
        "definition": "Walang gana o sigla sa paggawa ng mga gawain; mahilig magpahinga at iwasan ang trabaho.",
        "example": "Hindi siya nakapasa sa pagsusulit dahil tamad siyang mag-aral."
    },
    {
        "word": "magalang",
        "english": "respectful",
        "phonetic": "ma-ga-lang",
        "partOfSpeech": "pang-uri",
        "definition": "Pagpapakita ng paggalang o pagrespeto sa ibang tao sa pamamagitan ng kilos at pananalita.",
        "example": "Magalang siyang bumati sa kanyang mga guro tuwing umaga."
    },
    {
        "word": "magulang",
        "english": "parent",
        "phonetic": "ma-gu-lang",
        "partOfSpeech": "pangngalan",
        "definition": "Ang ama at ina na gumagabay at nag-aalaga sa kanilang anak.",
        "example": "Mahal na mahal ko ang aking magulang dahil lagi silang nandiyan para sa akin."
    },
    {
        "word": "kapitbahay",
        "english": "neighbor",
        "phonetic": "ka-pit-ba-hay",
        "partOfSpeech": "pangngalan",
        "definition": "Isang taong nakatira malapit o katabi ng iyong bahay.",
        "example": "Mabait at matulungin ang aming kapitbahay, kaya madali kaming nagkakasundo."
    },
    {
        "word": "tahi",
        "english": "stitch",
        "phonetic": "ta-hi",
        "partOfSpeech": "pangngalan",
        "definition": "Ang pinagdugtong na tela o sugat gamit ang sinulid at karayom.",
        "example": "Malinis ang tahi ng kanyang damit kaya maganda itong tingnan."
    },
    {
        "word": "tahi",
        "english": "stitch",
        "phonetic": "ta-hi",
        "partOfSpeech": "pandiwa",
        "definition": "Ang kilos ng pagdugtong o pag-aayos ng tela o sugat gamit ang sinulid at karayom.",
        "example": "Marunong siyang tahi ng butas na damit gamit ang karayom at sinulid."
    },
    {
        "word": "tahan",
        "english": "stop crying",
        "phonetic": "ta-han",
        "partOfSpeech": "pandiwa",
        "definition": "Tumigil sa pag-iyak o paghikbi.",
        "example": "Pinapatahan ng ina ang kanyang anak na umiiyak."
    },
    {
        "word": "salamat",
        "english": "thank you",
        "phonetic": "sa-la-mat",
        "partOfSpeech": "pangungusap",
        "definition": "Isang ekspresyon ng pasasalamat o pagpapahalaga.",
        "example": "Salamat sa iyong kabutihang-loob at pagtulong sa akin."
    },
    {
        "word": "pangungusap",
        "english": "sentence",
        "phonetic": "pa-ngu-ngu-sap",
        "partOfSpeech": "pangngalan",
        "definition": "Isang lipon ng mga salita na may buong diwa o kaisipan.",
        "example": "Ang pangungusap ay nagsisimula sa malaking titik at nagtatapos sa tamang bantas."
    },
    {
        "word": "salungguhit",
        "english": "underline",
        "phonetic": "sa-lung-gu-hit",
        "partOfSpeech": "pangngalan",
        "definition": "Isang guhit na nilalagay sa ilalim ng salita o parirala upang bigyang-diin ito.",
        "example": "Gumamit ng salungguhit upang ipakita ang mahahalagang salita sa pangungusap."
    },
    {
        "word": "salungguhit",
        "english": "underline",
        "phonetic": "sa-lung-gu-hit",
        "partOfSpeech": "pandiwa",
        "definition": "Ang kilos ng pagguhit sa ilalim ng salita o parirala upang ito ay ipakita bilang mahalaga.",
        "example": "Pakis salungguhit ang tamang sagot sa pagsusulit."
    },
    {
        "word": "talata",
        "english": "paragraph",
        "phonetic": "ta-la-ta",
        "partOfSpeech": "pangngalan",
        "definition": "Isang pangkat ng mga pangungusap na naglalahad ng isang pangunahing ideya o paksa.",
        "example": "Ang unang talata ng kwento ay naglalaman ng pambungad na impormasyon tungkol sa mga tauhan."
    },
    {
        "word": "bilog",
        "english": "circle",
        "phonetic": "bi-log",
        "partOfSpeech": "pangngalan",
        "definition": "Isang hugis na walang kanto at may pantay na layo mula sa gitna patungo sa kahit anong bahagi ng gilid nito.",
        "example": "Ang buwan ay may hugis bilog kapag kabilugan ng buwan."
    },
    {
        "word": "bilog",
        "english": "circle",
        "phonetic": "bi-log",
        "partOfSpeech": "pang-uri",
        "definition": "Tumutukoy sa isang bagay na may hugis bilog.",
        "example": "Bumili ako ng isang bilog na lobo para sa kaarawan ng aking kapatid."
    },
    {
        "word": "parisukat",
        "english": "square",
        "phonetic": "pa-ri-su-kat",
        "partOfSpeech": "pangngalan",
        "definition": "Isang hugis na may apat na pantay-pantay na gilid at anggulong tig-90 degrees.",
        "example": "Ang laruang kahon ay may hugis parisukat."
    },
    {
        "word": "parisukat",
        "english": "square",
        "phonetic": "pa-ri-su-kat",
        "partOfSpeech": "pang-uri",
        "definition": "Tumutukoy sa isang bagay na may hugis parisukat.",
        "example": "Gumuhit ako ng isang parisukat sa aking papel gamit ang ruler."
    },
    {
        "word": "parihaba",
        "english": "rectangle",
        "phonetic": "pa-ri-ha-ba",
        "partOfSpeech": "pangngalan",
        "definition": "Isang hugis na may apat na gilid, kung saan ang magkaharap na gilid ay magkapareho ang haba at may apat na anggulong tig-90 degrees.",
        "example": "Ang pisara sa aming silid-aralan ay may hugis parihaba."
    },
    {
        "word": "parihaba",
        "english": "rectangle",
        "phonetic": "pa-ri-ha-ba",
        "partOfSpeech": "pang-uri",
        "definition": "Tumutukoy sa isang bagay na may hugis parihaba.",
        "example": "Bumili ako ng isang parihabang mesa para sa aming kusina."
    },
    {
        "word": "pilitin",
        "english": "force",
        "phonetic": "pi-li-tin",
        "partOfSpeech": "pandiwa",
        "definition": "Gawing gawin ng isang tao ang isang bagay kahit hindi niya gusto o labag sa kanyang kalooban.",
        "example": "Huwag pilitin ang iba na sumunod sa iyong gusto kung hindi nila ito nais."
    },
    {
        "word": "hanapin",
        "english": "find",
        "phonetic": "ha-na-pin",
        "partOfSpeech": "pandiwa",
        "definition": "Gumawa ng paraan upang matuklasan o makita ang isang nawawala o hindi pa natatagpuan.",
        "example": "Kailangan kong hanapin ang aking susi bago ako umalis ng bahay."
    },
    {
        "word": "subukin",
        "english": "try",
        "phonetic": "su-bu-kin",
        "partOfSpeech": "pandiwa",
        "definition": "Gawin o ipatupad ang isang bagay upang malaman kung ito ay posible o epektibo.",
        "example": "Gusto kong subukin ang bagong recipe na nakita ko sa internet."
    },
    {
        "word": "masama",
        "english": "evil / bad",
        "phonetic": "ma-sa-ma",
        "partOfSpeech": "pang-uri",
        "definition": "Tumutukoy sa isang bagay, kilos, o ugali na hindi mabuti, nakasasama, o may negatibong epekto.",
        "example": "Ang paggawa ng masama sa kapwa ay hindi kailanman nagdadala ng tunay na kasiyahan."
    },
    {
        "word": "samahan",
        "english": "association",
        "phonetic": "sa-ma-han",
        "partOfSpeech": "pangngalan",
        "definition": "Isang grupo o organisasyon ng mga taong may parehong layunin o interes.",
        "example": "Sumali ako sa isang samahan ng mga kabataan upang makatulong sa ating komunidad."
    },
    {
        "word": "kasambahay",
        "english": "maid / household helper",
        "phonetic": "ka-sam-ba-hay",
        "partOfSpeech": "pangngalan",
        "definition": "Isang taong nagtatrabaho sa loob ng isang tahanan upang tumulong sa mga gawaing-bahay tulad ng paglilinis, pagluluto, at pag-aalaga ng mga bata.",
        "example": "Malaking tulong sa aming pamilya ang aming kasambahay dahil siya ang nag-aasikaso ng mga gawain sa bahay."
    },
    {
        "word": "bughaw",
        "english": "blue",
        "phonetic": "bug-haw",
        "partOfSpeech": "pang-uri",
        "definition": "Kulay asul.",
        "example": "Kulay bughaw ang damit ni Mark."
    },
    {
        "word": "lumbay",
        "english": "depression",
        "phonetic": "lum-bay",
        "partOfSpeech": "pangngalan",
        "definition": "Ang ibig sabihin ng lumbay ay kalungkutan o pagdadalamhati.",
        "example": "Lumbay ang nararamdaman ng aking kaibigan pagkatapos maghiwalay sila ng kanyang iniibig."
    },
    {
        "word": "malikhain",
        "english": "creative",
        "phonetic": "ma-lik-hain",
        "partOfSpeech": "pang-uri",
        "definition": "Ang kahulugan ng malikhain ay ang pagkakaroon ng malawak na imahinasyon at may sariling ideya.",
        "example": "Ang aking kaibigan ay malikhain sa sining."
    },
    {
        "word": "matalino",
        "english": "smart",
        "phonetic": "ma-ta-li-no",
        "partOfSpeech": "pang-uri",
        "definition": "May mataas na kaalaman at mabilis mag-isip.",
        "example": "Ang kaibigan ko ay matalino."
    },
    {
        "word": "pintuan",
        "english": "door",
        "phonetic": "pin-tu-an",
        "partOfSpeech": "pangngalan",
        "definition": "Ito ay daanan papasok o palabas.",
        "example": "Inutusan ako buksan ang pintuan ni Ma'am."
    },
    {
        "word": "pangarap",
        "english": "dream",
        "phonetic": "pang-a-rap",
        "partOfSpeech": "pangngalan",
        "definition": "Layunin o mithiin natin sa buhay.",
        "example": "Pangarap ko maging sundalo paglaki."
    },
    {
        "word": "kuya",
        "english": "brother",
        "phonetic": "ku-ya",
        "partOfSpeech": "pangngalan",
        "definition": "Nakakatandang kapatid.",
        "example": "Kasama ko ang kuya ko na gumala sa mall."
    },
    {
        "word": "tularan",
        "english": "emulate",
        "phonetic": "tu-la-ran",
        "partOfSpeech": "pandiwa",
        "definition": "Gayahin o gawing halimbawa.",
        "example": "Tularan ko daw ang kuya ko dahil siya ay matalino."
    },
    {
        "word": "duda",
        "english": "doubt",
        "phonetic": "du-da",
        "partOfSpeech": "pangngalan",
        "definition": "Nag-aalinlangan o hindi sigurado.",
        "example": "May duda ako na hindi siya nagsasabi ng totoo."
    },
    {
        "word": "hayaan",
        "english": "let",
        "phonetic": "ha-ya-an",
        "partOfSpeech": "pandiwa",
        "definition": "Hindi pakialaman o hindi pigilan sa kilos.",
        "example": "Hayaan ko na raw ang aking nakakabatang kapatid na maglaro sa labas."
    },
    {
        "word": "bihira",
        "english": "rarely",
        "phonetic": "bi-hi-ra",
        "partOfSpeech": "pang-uri",
        "definition": "Madalang mangyari o hindi madalas.",
        "example": "Bihira lang ako lumabas sa bahay kaya hindi ko kilala ang mga kapitbahay."
    },
    {
        "word": "suhol",
        "english": "bribe",
        "phonetic": "su-hol",
        "partOfSpeech": "pangngalan",
        "definition": "Bagay na binibigay upang maimpluwensyahan ang isang desisyon.",
        "example": "Binigyan ko ng suhol ang aking kapatid upang sumunod siya sa akin."
    },
    {
        "word": "tagumpay",
        "english": "success",
        "phonetic": "ta-gum-pay",
        "partOfSpeech": "pangngalan",
        "definition": "Pag-abot sa layunin o naabot ang layunin.",
        "example": "Tagumpay kong nakuha ang panalo sa laro."
    },
    {
        "word": "utang",
        "english": "debt",
        "phonetic": "u-tang",
        "partOfSpeech": "pangngalan",
        "definition": "Halagang pinahiram o kailangan bayaran sa takdang panahon na nasabi.",
        "example": "May utang ako sa tindahan dahil kumuha ako ng aming makakain."
    },
    {
        "word": "tiwala",
        "english": "trust",
        "phonetic": "ti-wa-la",
        "partOfSpeech": "pangngalan",
        "definition": "Pagbibigay sa tao ng paniniwala na hindi bibiguin sa mga inaasahang mangyayari.",
        "example": "May tiwala ako sa kaibigan ko."
    },
    {
        "word": "kalayaan",
        "english": "freedom",
        "phonetic": "ka-la-ya-an",
        "partOfSpeech": "pangngalan",
        "definition": "Walang paghadlang mula sa ibang tao o walang kontrol.",
        "example": "Kalayaan ang gusto ng lahat ng tao."
    },
    {
        "word": "sabihin",
        "english": "say",
        "phonetic": "sa-bi-hin",
        "partOfSpeech": "pandiwa",
        "definition": "Naghahayag o may pinaparating sa ibang tao.",
        "example": "May nais akong sabihin sa aking kaibigan."
    },
    {
        "word": "agham",
        "english": "science",
        "phonetic": "ag-ham",
        "partOfSpeech": "pangngalan",
        "definition": "Paksa sa eskwelahan.",
        "example": "Agham ang paborito kong paksa sa aming aralan."
    },
    {
        "word": "madali",
        "english": "easy",
        "phonetic": "ma-da-li",
        "partOfSpeech": "pang-uri",
        "definition": "Mabilis lang gawin at hindi mahirap.",
        "example": "Madali lang ang binigay sa amin na proyekto."
    },
    {
        "word": "swerte",
        "english": "luck",
        "phonetic": "swer-te",
        "partOfSpeech": "pangngalan",
        "definition": "May magandang nangyari sa isang tao o isang hindi inaasahan na magandang pagkakataon.",
        "example": "Ang swerte ko dahil nakapulot ako ng pera sa daan."
    },
    {
        "word": "pagbabago",
        "english": "change",
        "phonetic": "pag-ba-ba-go",
        "partOfSpeech": "pangngalan",
        "definition": "Isang proseso o resulta ng pagbabago mula sa isang kalagayan patungo sa iba pa.",
        "example": "Ang pagbabago sa klima ay may malaking epekto sa ating kapaligiran."
    },
    {
        "word": "sakim",
        "english": "greedy",
        "phonetic": "sa-kim",
        "partOfSpeech": "pangngalan",
        "definition": "Labis na paghahangad ng kayamanan, kapangyarihan, o anumang bagay para sa sarili nang walang pakialam sa iba.",
        "example": "Hindi magandang ugali ang pagiging sakim dahil maaari itong humantong sa kasakiman at kasamaan."
    },
    {
        "word": "pinili",
        "english": "chosen",
        "phonetic": "pi-ni-li",
        "partOfSpeech": "pandiwa",
        "definition": "Isang bagay o taong tinukoy o kinuha mula sa iba pang pagpipilian batay sa kagustuhan o pangangailangan.",
        "example": "Pinili ni Maria ang kulay rosas na damit dahil ito ang kanyang paborito."
    },
    {
        "word": "bawas",
        "english": "decrease",
        "phonetic": "ba-was",
        "partOfSpeech": "pangngalan",
        "definition": "Ang pagbawas o pagpapaliit ng dami, bilang, o halaga ng isang bagay.",
        "example": "Kailangan ng bawas sa paggamit ng plastik upang mapangalagaan ang kalikasan."
    },
    {
        "word": "tungkol",
        "english": "about",
        "phonetic": "tung-kol",
        "partOfSpeech": "pang-ukol",
        "definition": "Tumutukoy sa isang paksa, bagay, o ideya na pinag-uusapan o tinatalakay.",
        "example": "Ang kanyang talumpati ay tungkol sa kahalagahan ng edukasyon."
    },
    {
        "word": "tumutulong",
        "english": "helping",
        "phonetic": "tu-mu-tu-long",
        "partOfSpeech": "pandiwa",
        "definition": "Ang kilos ng pagbibigay ng suporta o pag-alalay sa iba.",
        "example": "Tumutulong si Ana sa kanyang ina sa pagluluto tuwing hapunan."
    },
    {
        "word": "sariwa",
        "english": "fresh",
        "phonetic": "sa-ri-wa",
        "partOfSpeech": "pang-uri",
        "definition": "Bagong pitas, hindi luma o bulok, o hindi pa naproseso.",
        "example": "Masarap kainin ang sariwang prutas tuwing umaga."
    },
    {
        "word": "pogi",
        "english": "handsome",
        "phonetic": "po-gi",
        "partOfSpeech": "pang-uri",
        "definition": "Tumutukoy sa isang lalaking may kaakit-akit o magandang anyo.",
        "example": "Maraming humahanga kay Mark dahil siya ay pogi."
    },
    {
        "word": "lambing",
        "english": "affection, sweetness",
        "phonetic": "lam-bing",
        "partOfSpeech": "pangngalan",
        "definition": "Pagpapakita ng pagmamahal sa pamamagitan ng banayad na kilos o salita.",
        "example": "Mahilig magpakita ng lambing ang bata sa kanyang mga magulang."
    },
    {
        "word": "baguhan",
        "english": "beginner, newcomer",
        "phonetic": "ba-gu-han",
        "partOfSpeech": "pangngalan",
        "definition": "Isang taong bago sa isang gawain o larangan.",
        "example": "Si Leo ay isang baguhan sa paglalaro ng basketball."
    },
    {
        "word": "kotse",
        "english": "car",
        "phonetic": "kot-se",
        "partOfSpeech": "pangngalan",
        "definition": "Sasakyang may apat na gulong na ginagamit sa paglalakbay.",
        "example": "Bumili si Carla ng bagong kotse para sa kanyang trabaho."
    },
    {
        "word": "tanong",
        "english": "question",
        "phonetic": "ta-nong",
        "partOfSpeech": "pangngalan",
        "definition": "Isang pahayag na nangangailangan ng sagot o paliwanag.",
        "example": "May isang tanong si Pedro tungkol sa aralin."
    },
    {
        "word": "lolo",
        "english": "grandfather",
        "phonetic": "lo-lo",
        "partOfSpeech": "pangngalan",
        "definition": "Ang ama ng isang magulang; nakatatandang lalaki sa pamilya.",
        "example": "Mahal na mahal ko ang aking lolo dahil siya ay mabait."
    },
    {
        "word": "lola",
        "english": "grandmother",
        "phonetic": "lo-la",
        "partOfSpeech": "pangngalan",
        "definition": "Ang ina ng isang magulang; nakatatandang babae sa pamilya.",
        "example": "Mahusay magluto ang aking lola, lalo na ang adobo."
    },
    {
        "word": "laro",
        "english": "game, play",
        "phonetic": "la-ro",
        "partOfSpeech": "pangngalan",
        "definition": "Isang aktibidad para sa kasiyahan o kumpetisyon.",
        "example": "Masaya ang mga bata sa kanilang laro sa parke."
    },
    {
        "word": "langit",
        "english": "heaven",
        "phonetic": "la-ngit",
        "partOfSpeech": "pangngalan",
        "definition": "Ang bahagi ng kalangitan sa itaas; maaari ring tumukoy sa paraiso.",
        "example": "Napakaganda ng kulay ng langit sa paglubog ng araw."
    },
    {
        "word": "kumanta",
        "english": "sing",
        "phonetic": "ku-man-ta",
        "partOfSpeech": "pandiwa",
        "definition": "Pag-awit o paglikha ng tunog gamit ang tinig.",
        "example": "Gustong kumanta ni Carla sa mga party."
    },
    {
        "word": "mahaba",
        "english": "long",
        "phonetic": "ma-ha-ba",
        "partOfSpeech": "pang-uri",
        "definition": "Tumutukoy sa isang bagay na may mahabang sukat o tagal.",
        "example": "Mahaba ang pila sa mall tuwing may sale."
    },
    {
        "word": "maiksi",
        "english": "short",
        "phonetic": "ma-ik-si",
        "partOfSpeech": "pang-uri",
        "definition": "Hindi mahaba; maikli sa sukat o tagal.",
        "example": "Maiksi ang kanyang buhok matapos magpagupit."
    },
    {
        "word": "muli",
        "english": "again",
        "phonetic": "mu-li",
        "partOfSpeech": "pang-abay",
        "definition": "Pagsasagawa ng isang bagay nang isa pang beses.",
        "example": "Nais kong bumisita muli sa lugar na iyon."
    },
    {
        "word": "pag-ibig",
        "english": "love",
        "phonetic": "pag-i-big",
        "partOfSpeech": "pangngalan",
        "definition": "Isang damdamin na matinding pagmamahal o pagsinta.",
        "example": "Ang tunay na pag-ibig ay hindi nasusukat sa panlabas na anyo."
    },
    {
        "word": "mata",
        "english": "eyes",
        "phonetic": "ma-ta",
        "partOfSpeech": "pangngalan",
        "definition": "Bahagi ng katawan na ginagamit upang makakita.",
        "example": "Malinaw ang mata ko dahil kumakain ako ng gulay."
    },
    {
        "word": "humiram",
        "english": "borrow",
        "phonetic": "hu-mi-ram",
        "partOfSpeech": "pandiwa",
        "definition": "Pagpapahiram ng bagay mula sa ibang tao na kailangan ding ibalik.",
        "example": "Humiram ako ng ballpen sa aking kaklase."
    },
    {
        "word": "malakas",
        "english": "strong",
        "phonetic": "ma-la-kas",
        "partOfSpeech": "pang-uri",
        "definition": "May mataas na lakas o kapangyarihan.",
        "example": "Malakas ako magbuhat ng mabigat na bagay."
    },
    {
        "word": "mahina",
        "english": "weak",
        "phonetic": "ma-hi-na",
        "partOfSpeech": "pang-uri",
        "definition": "Kulang sa lakas o may mababang kalidad.",
        "example": "Mahina sumuntok si Somjay, ang kaibigan ko."
    },
    {
        "word": "mabait",
        "english": "kind",
        "phonetic": "ma-ba-it",
        "partOfSpeech": "pang-uri",
        "definition": "Tumutukoy sa isang taong may mabuting kalooban, magalang, at matulungin sa iba.",
        "example": "Mabait si Anna sa lahat ng kanyang kaklase kaya siya ay maraming kaibigan."
    },
    {
        "word": "abuso",
        "english": "abuse",
        "phonetic": "a-bu-so",
        "partOfSpeech": "pangngalan",
        "definition": "Labis o hindi makatarungang paggamit ng kapangyarihan, karapatan, o anumang bagay para sa sariling kapakinabangan.",
        "example": "Hindi dapat palampasin ang anumang uri ng abuso sa mga bata."
    },
    {
        "word": "wakas",
        "english": "end, conclusion",
        "phonetic": "wa-kas",
        "partOfSpeech": "pangngalan",
        "definition": "Ang pagtatapos ng isang bagay, gaya ng kwento, pelikula, o pangyayari.",
        "example": "Malungkot ang wakas ng pelikula dahil namatay ang pangunahing tauhan."
    },
    {
        "word": "minamahal",
        "english": "loved, beloved",
        "phonetic": "mi-na-ma-hal",
        "partOfSpeech": "pandiwa",
        "definition": "Isang taong iniibig o pinapahalagahan nang labis; kilos ng pagmamahal.",
        "example": "Laging inaalagaan ni Jose ang kanyang minamahal na ina."
    },
    {
        "word": "masarap",
        "english": "delicious",
        "phonetic": "ma-sa-rap",
        "partOfSpeech": "pang-uri",
        "definition": "Tumutukoy sa pagkain o inuming may magandang lasa.",
        "example": "Napakasarap ng adobo na niluto ni Lola."
    },
    {
        "word": "gabi",
        "english": "night",
        "phonetic": "ga-bi",
        "partOfSpeech": "pangngalan",
        "definition": "Bahagi ng araw na madilim matapos lumubog ang araw.",
        "example": "Mahangin ang gabi sa aming probinsya."
    },
    {
        "word": "araw",
        "english": "sun / day",
        "phonetic": "a-raw",
        "partOfSpeech": "pangngalan",
        "definition": "Bituwin na nagbibigay ng liwanag sa mundo; o isang yunit ng oras na binubuo ng 24 oras.",
        "example": "Maliwanag ang araw sa tanghali."
    },
    {
        "word": "bundok",
        "english": "mountain",
        "phonetic": "bun-dok",
        "partOfSpeech": "pangngalan",
        "definition": "Isang mataas na anyong lupa na karaniwang mas mataas kaysa sa burol.",
        "example": "Paborito kong akyatin ang bundok sa tuwing tag-araw."
    },
    {
        "word": "ilog",
        "english": "river",
        "phonetic": "i-log",
        "partOfSpeech": "pangngalan",
        "definition": "Isang natural na daluyan ng tubig na dumadaloy mula sa mataas na lugar patungo sa dagat o lawa.",
        "example": "Malamig ang tubig sa ilog tuwing umaga."
    },
    {
        "word": "ulap",
        "english": "cloud",
        "phonetic": "u-lap",
        "partOfSpeech": "pangngalan",
        "definition": "Puting o madilim na pormasyon sa langit na binubuo ng maliliit na patak ng tubig.",
        "example": "Ang madilim na ulap ay senyales ng paparating na ulan."
    },
    {
        "word": "hangin",
        "english": "wind / air",
        "phonetic": "ha-ngin",
        "partOfSpeech": "pangngalan",
        "definition": "Gas na bumabalot sa mundo; puwersang nagmumula sa paggalaw ng hangin.",
        "example": "Malakas ang hangin tuwing bagyo."
    },
    {
        "word": "ulan",
        "english": "rain",
        "phonetic": "u-lan",
        "partOfSpeech": "pangngalan",
        "definition": "Tubig na bumabagsak mula sa ulap patungo sa lupa.",
        "example": "Masarap matulog kapag umuulan."
    },
    {
        "word": "bituin",
        "english": "star",
        "phonetic": "bi-twin",
        "partOfSpeech": "pangngalan",
        "definition": "Makislap na bagay sa kalangitan na makikita sa gabi.",
        "example": "Matingkad ang bituin sa madilim na gabi."
    },
    {
        "word": "isda",
        "english": "fish",
        "phonetic": "is-da",
        "partOfSpeech": "pangngalan",
        "definition": "Hayop na nabubuhay sa tubig at may hasang upang huminga.",
        "example": "Ang isda ay masarap kainin kapag inihaw."
    },
    {
        "word": "bahay",
        "english": "house",
        "phonetic": "ba-hay",
        "partOfSpeech": "pangngalan",
        "definition": "Gusali na nagsisilbing tirahan ng tao.",
        "example": "Malinis ang bahay namin tuwing Linggo."
    },
    {
        "word": "mesa",
        "english": "table",
        "phonetic": "me-sa",
        "partOfSpeech": "pangngalan",
        "definition": "Kasangkapang may patag na ibabaw na ginagamit sa pagkain, pag-aaral, o trabaho.",
        "example": "Nilinis ko ang mesa bago kumain."
    },
    {
        "word": "upuan",
        "english": "chair",
        "phonetic": "u-pu-an",
        "partOfSpeech": "pangngalan",
        "definition": "Bagay na ginagamit upang upuan.",
        "example": "Nasira ang upuan dahil sa bigat ng gamit."
    },
    {
        "word": "bintana",
        "english": "window",
        "phonetic": "bin-ta-na",
        "partOfSpeech": "pangngalan",
        "definition": "Butas sa dingding na may salamin o kahoy na maaaring buksan upang pumasok ang hangin at liwanag.",
        "example": "Binuksan ko ang bintana upang pumasok ang sariwang hangin."
    },
    {
        "word": "ilaw",
        "english": "light",
        "phonetic": "i-law",
        "partOfSpeech": "pangngalan",
        "definition": "Bagay na nagbibigay liwanag sa isang lugar.",
        "example": "Namatay ang ilaw dahil sa malakas na ulan."
    },
    {
        "word": "mayumi",
        "english": "modest / gentle",
        "phonetic": "ma-yu-mi",
        "partOfSpeech": "pang-uri",
        "definition": "Tumutukoy sa isang tao na mahinhin, magalang, at may malumanay na kilos.",
        "example": "Ang kanyang mayumi at magalang na ugali ay hinahangaan ng marami."
    },
    {
        "word": "masagana",
        "english": "prosperous",
        "phonetic": "ma-sa-ga-na",
        "partOfSpeech": "pang-uri",
        "definition": "Tumutukoy sa kasaganaan o kayamanang sagana sa dami o kalidad.",
        "example": "Masagana ang ani ng palay ngayong taon dahil sa maayos na panahon."
    },
    {
        "word": "plato",
        "english": "plate",
        "phonetic": "pla-to",
        "partOfSpeech": "pangngalan",
        "definition": "Lalagyan ng pagkain na karaniwang gawa sa porselana o plastik.",
        "example": "Hugasan mo ang plato pagkatapos kumain."
    },
    {
        "word": "kutsara",
        "english": "spoon",
        "phonetic": "kut-sa-ra",
        "partOfSpeech": "pangngalan",
        "definition": "Kagamitang ginagamit sa pagkain ng sabaw o kanin.",
        "example": "Gumamit ka ng kutsara kapag kumakain ng sopas."
    },
    {
        "word": "tinidor",
        "english": "fork",
        "phonetic": "ti-ni-dor",
        "partOfSpeech": "pangngalan",
        "definition": "Kagamitang may matutulis na ngipin na ginagamit sa pagkain.",
        "example": "Kumuha ka ng tinidor para sa spaghetti."
    },
    {
        "word": "kutsilyo",
        "english": "knife",
        "phonetic": "kut-sil-yo",
        "partOfSpeech": "pangngalan",
        "definition": "Matulis at matalim na gamit na ginagamit sa pagputol ng pagkain.",
        "example": "Gumamit ng kutsilyo upang hiwain ang karne."
    },
    {
        "word": "dingding",
        "english": "wall",
        "phonetic": "ding-ding",
        "partOfSpeech": "pangngalan",
        "definition": "Matigas na bahagi ng isang gusali o bahay na naghihiwalay ng mga silid.",
        "example": "Kulayan natin ang dingding ng asul."
    },
    {
        "word": "sahig",
        "english": "floor",
        "phonetic": "sa-hig",
        "partOfSpeech": "pangngalan",
        "definition": "Ibang bahagi ng isang silid kung saan lumalakad ang tao.",
        "example": "Nilinisan ko ang sahig gamit ang mop."
    },
    {
        "word": "sining",
        "english": "art",
        "phonetic": "si-ning",
        "partOfSpeech": "pangngalan",
        "definition": "Pagpapahayag ng malikhaing damdamin o imahinasyon sa pamamagitan ng iba't ibang anyo tulad ng pagpipinta, eskultura, musika, at sayaw.",
        "example": "Ang sining ay isang paraan ng pagpapahayag ng damdamin at kultura ng isang tao."
    },
    {
        "word": "mahika",
        "english": "magic",
        "phonetic": "ma-hi-ka",
        "partOfSpeech": "pangngalan",
        "definition": "Kakayahang gumawa ng mga bagay na tila imposible o mahirap ipaliwanag gamit ang lohika, kadalasan ay may kaugnayan sa salamangka o hiwaga.",
        "example": "Naniniwala ang mga bata sa mahika ng Pasko."
    },
    {
        "word": "tadhana",
        "english": "destiny/fate",
        "phonetic": "tad-ha-na",
        "partOfSpeech": "pangngalan",
        "definition": "Isang hindi maiiwasang pangyayari sa hinaharap na itinakda ng pagkakataon o mas mataas na kapangyarihan.",
        "example": "Naniniwala ako na ang ating pagkikita ay itinakda ng tadhana."
    }
]
